{"palm_aspect": 1.8289144268455455, "index_rel": 0.8667394682639815, "middle_rel": 0.9867516235677486, "ring_rel": 0.923571579484588, "pinky_rel": 0.7057507207757788, "thumb_rel": 0.8678597811312855}